workorder num,actual code,exsisting code,update status
11045,2720,EDGEWOOD-2720 10% Tax Code-inactive,Correct
11065,2709,*2727 - Pierce- 10.1% Tax Code,updated
11052,2720,EDGEWOOD - 2720 Tax Code872-inactive,Correct
11084,,,Check Manually
11077,2727,*2727 - Pierce- 10.1% Tax Code,Correct
11088,2720,*2720 - Edgewood - 10.1% Tax Code,Correct
11074,2700,*2700-Pierce- 9.5% Tax Code,Correct
11098,2701,*2701 - Bonney Lake - 9.5% Tax Code,Correct
10997,4100,*4100 - Pierce- 8.1% Tax Code,Correct
11100,2717,*2727 - Pierce- 10.1% Tax Code,updated
11081,2700,PIERCE - 2727 Tax Code844-inactive,updated
11112,2707,UNIVERSITY PLACE 10% Tax Code-inactive,updated
11111,2700,*2700-Pierce- 9.5% Tax Code,Correct
11080,2727,*2727 - Pierce- 10.1% Tax Code,Correct
11095,2700,*2700-Pierce- 9.5% Tax Code,Correct
11108,2700,PIERCE CO RTA-2700-eff 04/17 Tax Cod-inactive,Correct
11093,2727,*2727 - Pierce- 10.1% Tax Code,Correct
11113,2700,PIERCE CO RTA-2700-eff 04/17 Tax Cod-inactive,Correct
11126,2700,*2700-Pierce- 9.5% Tax Code,Correct
11048,1702,*AUBURN - 1702 - 10.3.% Tax Code992-inactive,Correct
11101,4000,*KING - 4000 - 8.8.% Tax Code1013-inactive,Correct
11105,1732,*FEDERAL WAY - 1732 -10.2.% Tax Code1005-inactive,Correct
11115,2727,*2727 - Pierce- 10.1% Tax Code,Correct
11097,4100,*4100 - Pierce- 8.1% Tax Code,Correct
11118,2700,*2727 - Pierce- 10.1% Tax Code,updated
11129,2727,*2727 - Pierce- 10.1% Tax Code,Correct
11133,2700,*2727 - Pierce- 10.1% Tax Code,updated
11087,2727,*2727 - Pierce- 10.1% Tax Code,Correct
11136,2700,*2700-Pierce- 9.5% Tax Code,Correct
11143,2700,*2700-Pierce- 9.5% Tax Code,Correct
11119,2700,*2700-Pierce- 9.5% Tax Code,Correct
11139,2727,*2727 - Pierce- 10.1% Tax Code,Correct
11141,2700,PIERCE - 2727 Tax Code844-inactive,updated
11104,1734,*BURIEN - 1734 -10.2.% Tax Code998-inactive,Correct
11149,2745,*2745 - Puyallup Tribe- 10.1% Tax Co,Correct
11116,4100,*4100 - Pierce- 8.1% Tax Code,Correct
11138,2700,*2700-Pierce- 9.5% Tax Code,Correct
11148,2700,PIERCE CO RTA-2700-eff 07/23 Tax Cod-inactive,Correct
11156,2701,*2701 - Bonney Lake - 9.5% Tax Code,Correct
11151,2700,*2700-Pierce- 9.5% Tax Code,Correct
11158,2727,*2727 - Pierce- 10.1% Tax Code,Correct
11162,2700,PIERCE - 2700 Tax Code842-inactive,Correct
11163,2700,*2700-Pierce- 9.5% Tax Code,Correct
11155,2700,*2700-Pierce- 9.5% Tax Code,Correct
11157,1732,*FEDERAL WAY - 1732 -10.2.% Tax Code1005-inactive,Correct
11106,2700,*2727 - Pierce- 10.1% Tax Code,updated
11170,2700,PIERCE - 2700 Tax Code842-inactive,Correct
11173,2700,*2700-Pierce- 9.5% Tax Code,Correct
11179,2700,*2700-Pierce- 9.5% Tax Code,Correct
11188,2717,TACOMA-2717-eff 07/21.-inactive,Correct
11187,2727,*2727 - Pierce- 10.1% Tax Code,Correct
11192,2727,*2727 - Pierce- 10.1% Tax Code,Correct
11196,2719,UNIVERSITY PLACE - 2719 Tax Code835-inactive,Correct
11146,2727,*2727 - Pierce- 10.1% Tax Code,Correct
11194,4100,PRCE CO NO RTA-4100-GROUP Tax Code-inactive,Correct
11180,2727,*2727 - Pierce- 10.1% Tax Code,Correct
11206,2727,*2727 - Pierce- 10.1% Tax Code,Correct
11201,,,Check Manually
11205,2700,*2700-Pierce- 9.5% Tax Code,Correct
10992,2700,PIERCE CO RTA-2700-eff 04/17 Tax Cod-inactive,Correct
11189,2700,*2700-Pierce- 9.5% Tax Code,Correct
11212,2727,*2727 - Pierce- 10.1% Tax Code,Correct
11224,2727,*2727 - Pierce- 10.1% Tax Code,Correct
11213,2711,*PUYALLUP - 2711 -10.1.% Tax Code979-inactive,Correct
11211,4100,PRCE CO NO RTA-4100-GROUP Tax Code-inactive,Correct
11215,2727,*2727 - Pierce- 10.1% Tax Code,Correct
11223,2716,WHOLESALE - HV RESALE821-inactive,updated
11193,4100,WHOLESALE - HV RESALE Tax Code-inactive,updated
11235,2700,*2700-Pierce- 9.5% Tax Code,Correct
11237,2727,*2700-Pierce- 9.5% Tax Code,updated
11243,2727,*2727 - Pierce- 10.1% Tax Code,Correct
11244,2700,*2700-Pierce- 9.5% Tax Code,Correct
11246,2700,*2700-Pierce- 9.5% Tax Code,Correct
11245,2700,*2700-Pierce- 9.5% Tax Code,Correct
11204,2700,PIERCE CO RTA-2700-GROUP Tax Code-inactive,Correct
11249,2701,*2701 - Bonney Lake - 9.5% Tax Code,Correct
11086,4100,*4100 - Pierce- 8.1% Tax Code,Correct
11254,2700,*4100 - Pierce- 8.1% Tax Code,updated
11256,4100,*4100 - Pierce- 8.1% Tax Code,Correct
11241,2700,WHOLESALE - HV RESALE Tax Code-inactive,updated
11264,4100,*4100 - Pierce- 8.1% Tax Code,Correct
11277,2700,PIERCE - 2727 Tax Code844-inactive,updated
11273,2716,PIERCE - 2727 Tax Code844-inactive,updated
11280,4100,*4100 - Pierce- 8.1% Tax Code,Correct
11281,4100,*4100 - Pierce- 8.1% Tax Code,Correct
11282,2720,EDGEWOOD-2720 10% Tax Code-inactive,Correct
11287,4100,PRCE CO NO RTA-4100-GROUP Tax Code-inactive,Correct
11290,2700,*2727 - Pierce- 10.1% Tax Code,Check Manually
11298,2721,LAKEWOOD - 2721 Tax Code886-inactive,Correct
11295,2700,*2700-Pierce- 9.5% Tax Code,Correct
11286,2720,*2720 - Edgewood - 10.1% Tax Code,Correct
11293,4100,PIERCE - 4100 Tax Code845-inactive,Correct
11326,1702,*AUBURN-4002 - 8.9.% Tax Code991-inactive,updated
11339,2720,*2720 - Edgewood - 10.1% Tax Code,Correct
11352,4100,*2789 - Pierce - 8.1% Tax Code,updated
11261,2700,*2700-Pierce- 9.5% Tax Code,Correct
11351,1733,*1703 - 10.2% Tax Code938-inactive,updated
11360,2700,*2700-Pierce- 9.5% Tax Code,Correct
11362,2720,*2720 - Edgewood - 10.1% Tax Code,Correct
11347,2711,*PUYALLUP - 2711 -10.1.% Tax Code979-inactive,Correct
11373,4100,*4100 - Pierce- 8.1% Tax Code,Correct
11369,4100,*4100 - Pierce- 8.1% Tax Code,Correct
11371,2700,*2700-Pierce- 9.5% Tax Code,Correct
11315,4100,*4100 - Pierce- 8.1% Tax Code,Correct
11349,4100,*4100 - Pierce- 8.1% Tax Code,Correct
11372,2727,PIERCE-2727 10% Tax Code-inactive,Correct
11396,2717,TACOMA-2717-eff 07/21.-inactive,Correct
11389,2727,*2727 - Pierce- 10.1% Tax Code,Correct
11397,2727,*2727 - Pierce- 10.1% Tax Code,Correct
11398,,*2701 - Bonney Lake - 9.5% Tax Code,Check Manually
11404,1732,*FEDERAL WAY - 1732 -10.2.% Tax Code1005-inactive,Correct
11416,2727,*2727 - Pierce- 10.1% Tax Code,Correct
11420,2727,*2727 - Pierce- 10.1% Tax Code,Correct
11423,2700,*2700-Pierce- 9.5% Tax Code,Correct
11425,4000,*KING - 4000 - 8.8.% Tax Code1013-inactive,Correct
11393,2700,*2727 - Pierce- 10.1% Tax Code,Check Manually
11433,2700,*2700-Pierce- 9.5% Tax Code,Correct
11426,2721,*2721 - Lakewood - 10.1% Tax Code,Correct
11402,2727,*2727 - Pierce- 10.1% Tax Code,Correct
11325,2727,*2727 - Pierce- 10.1% Tax Code,Correct
11324,2727,*2727 - Pierce- 10.1% Tax Code,Correct
11430,2707,UNIVERSITY PLACE 10% Tax Code-inactive,updated
11412,2727,*2727 - Pierce- 10.1% Tax Code,Correct
11377,4100,*4100 - Pierce- 8.1% Tax Code,Correct
11442,4100,*4100 - Pierce- 8.1% Tax Code,Correct
11449,4100,*2700-Pierce- 9.5% Tax Code,updated
11401,,*2700-Pierce- 9.5% Tax Code,Check Manually
11400,2727,*2727 - Pierce- 10.1% Tax Code,Correct
11439,2720,*2720 - Edgewood - 10.1% Tax Code,Correct
11450,2720,*2720 - Edgewood - 10.1% Tax Code,Correct
11443,2700,*2727 - Pierce- 10.1% Tax Code,updated
11432,,*2701 - Bonney Lake - 9.5% Tax Code,Check Manually
11459,2727,*2727 - Pierce- 10.1% Tax Code,Correct
11463,2727,*2727 - Pierce- 10.1% Tax Code,Correct
11390,2701,*2701 - Bonney Lake - 9.5% Tax Code,Correct
11457,2727,*2727 - Pierce- 10.1% Tax Code,Correct
11465,2727,*2700-Pierce- 9.5% Tax Code,updated
11470,4100,*4100 - Pierce- 8.1% Tax Code,Correct
11475,2727,*2727 - Pierce- 10.1% Tax Code,Correct
11487,2701,*2701 - Bonney Lake - 9.5% Tax Code,Correct
11422,2711,*PUYALLUP - 2711 -10.1.% Tax Code979-inactive,Correct
11492,4100,*4100 - Pierce- 8.1% Tax Code,Correct
11499,2727,*2700-Pierce- 9.5% Tax Code,Check Manually
11495,4100,*4100 - Pierce- 8.1% Tax Code,Correct
11516,1732,PIERCE - 2700 Tax Code842-inactive,updated
11514,2711,*2700-Pierce- 9.5% Tax Code,updated
11512,2700,*2700-Pierce- 9.5% Tax Code,Correct
11532,2700,WHOLESALE - HV RESALE Tax Code-inactive,updated
11530,2700,*2700-Pierce- 9.5% Tax Code,Correct
11536,2727,*2727 - Pierce- 10.1% Tax Code,Correct
11506,2708,*2708 - Gig Harbor - 9.1% Tax Code,Correct
11510,2721,*2721 - Lakewood - 10.1% Tax Code,Correct
11508,2727,*2700-Pierce- 9.5% Tax Code,updated
11539,2716,WHOLESALE - HV RESALE821-inactive,updated
11553,2700,PIERCE - 2700 Tax Code842-inactive,Correct
11544,2700,*2727 - Pierce- 10.1% Tax Code,Check Manually
11545,2727,*2706 - Fife -10.1% Tax Code,updated
11550,2727,*2727 - Pierce- 10.1% Tax Code,Correct
11548,2727,*2727 - Pierce- 10.1% Tax Code,Correct
11557,2727,*2725 - Nisqually- 9.5%. Tax Code,updated
11556,4100,PIERCE - 4100 Tax Code845-inactive,Correct
11577,2727,*2727 - Pierce- 10.1% Tax Code,Correct
11580,2717,TACOMA-2717-eff 07/21.-inactive,Correct
11523,2727,*2700-Pierce- 9.5% Tax Code,updated
11560,2727,*2700-Pierce- 9.5% Tax Code,updated
11561,2701,*2701 - Bonney Lake - 9.5% Tax Code,Correct
11564,2720,*2720 - Edgewood - 10.1% Tax Code,Correct
11582,2727,*2727 - Pierce- 10.1% Tax Code,Correct
11589,2727,*2727 - Pierce- 10.1% Tax Code,Correct
11526,2727,*2727 - Pierce- 10.1% Tax Code,Correct
11555,2700,*2700-Pierce- 9.5% Tax Code,Correct
11597,2700,*2700-Pierce- 9.5% Tax Code,Correct
11573,2727,*2727 - Pierce- 10.1% Tax Code,Correct
11603,2727,*2727 - Pierce- 10.1% Tax Code,Correct
11605,2700,*2700-Pierce- 9.5% Tax Code,Correct
11611,2720,*2720 - Edgewood - 10.1% Tax Code,Correct
11629,2727,*2727 - Pierce- 10.1% Tax Code,Correct
11612,1732,*FEDERAL WAY - 1732 -10.2.% Tax Code1005-inactive,Correct
11628,1732,*FEDERAL WAY - 1732 -10.2.% Tax Code1005-inactive,Correct
11617,4000,*KING - 4000 - 8.8.% Tax Code1013-inactive,Correct
11602,2701,*2701 - Bonney Lake - 9.5% Tax Code,Correct
11613,2700,*2727 - Pierce- 10.1% Tax Code,updated
11638,2719,*2719-University Place-10.1% Tax Cod,Correct
11643,2720,*2702 - Buckley - 8.2% Tax Code,updated
11637,4100,*4100 - Pierce- 8.1% Tax Code,Correct
11587,2727,*2727 - Pierce- 10.1% Tax Code,Correct
11642,2727,*2727 - Pierce- 10.1% Tax Code,Correct
11649,2700,*2727 - Pierce- 10.1% Tax Code,Check Manually
11666,2700,*2700-Pierce- 9.5% Tax Code,Correct
11657,4100,*4100 - Pierce- 8.1% Tax Code,Correct
11675,4100,*ORTING - 2710 -9.5.% Tax Code972-inactive,updated
11655,2700,*2700-Pierce- 9.5% Tax Code,Correct
11645,2700,*2700-Pierce- 9.5% Tax Code,Correct
11672,2727,*2727 - Pierce- 10.1% Tax Code,Correct
11680,2700,*2700-Pierce- 9.5% Tax Code,Correct
11653,2700,*2700-Pierce- 9.5% Tax Code,Correct
11685,2727,*2727 - Pierce- 10.1% Tax Code,Correct
11694,2727,*2727 - Pierce- 10.1% Tax Code,Correct
11663,2720,*2720 - Edgewood - 10.1% Tax Code,Correct
11681,2720,*2720 - Edgewood - 10.1% Tax Code,Correct
11708,2720,EDGEWOOD - 2720 Tax Code872-inactive,Correct
11710,2700,*2700-Pierce- 9.5% Tax Code,Correct
11707,2700,*2700-Pierce- 9.5% Tax Code,Correct
11723,2700,*2700-Pierce- 9.5% Tax Code,Correct
11718,2721,*2721 - Lakewood - 10.1% Tax Code,Correct
11725,2727,*2727 - Pierce- 10.1% Tax Code,Correct
11709,2720,EDGEWOOD - 2720 Tax Code872,Correct
11728,2727,*2727 - Pierce- 10.1% Tax Code,Correct
11715,2720,*2720 - Edgewood - 10.1% Tax Code,Correct
11729,2700,*2700-Pierce- 9.5% Tax Code,Correct
11730,2700,*2700-Pierce- 9.5% Tax Code,Correct
11640,2700,*2727 - Pierce- 10.1% Tax Code,updated
11741,2700,*2700-Pierce- 9.5% Tax Code,Correct
11717,2727,*2727 - Pierce- 10.1% Tax Code,Correct
11742,2711,*PUYALLUP - 2711 -10.1.% Tax Code979-inactive,Correct
11693,2700,*2700-Pierce- 9.5% Tax Code,Correct
11726,2720,*2720 - Edgewood - 10.1% Tax Code,Correct
11733,2720,*2720 - Edgewood - 10.1% Tax Code,Correct
11749,2711,*PUYALLUP - 2711 -10.1.% Tax Code979-inactive,Correct
11755,2700,*2700-Pierce- 9.5% Tax Code,Correct
11777,2727,*2727 - Pierce- 10.1% Tax Code,Correct
11631,2721,*2721 - Lakewood - 10.1% Tax Code,Correct
11735,2700,*2700-Pierce- 9.5% Tax Code,Correct
11752,4100,*ORTING - 2710 -9.5.% Tax Code972-inactive,updated
11743,2700,*2700-Pierce- 9.5% Tax Code,Correct
11644,2727,*2727 - Pierce- 10.1% Tax Code,Correct
11746,2727,*2727 - Pierce- 10.1% Tax Code,Correct
11759,2720,*2720 - Edgewood - 10.1% Tax Code,Correct
11775,4000,*KING - 4000 - 8.8.% Tax Code1013-inactive,Correct
11750,4100,*4100 - Pierce- 8.1% Tax Code,Correct
11772,2727,*2727 - Pierce- 10.1% Tax Code,Correct
11793,2727,*2727 - Pierce- 10.1% Tax Code,Correct
11767,2727,*2727 - Pierce- 10.1% Tax Code,Correct
11833,,,Check Manually
11792,4100,*4100 - Pierce- 8.1% Tax Code,Correct
11819,2700,*2700-Pierce- 9.5% Tax Code,Correct
11821,2709,*2700-Pierce- 9.5% Tax Code,updated
11826,2720,*2720 - Edgewood - 10.1% Tax Code,Correct
11828,2727,*2727 - Pierce- 10.1% Tax Code,Correct
11802,,,Check Manually
11848,2727,*2727 - Pierce- 10.1% Tax Code,Correct
11859,4100,*4100 - Pierce- 8.1% Tax Code,Correct
11766,2700,PIERCE CO RTA-2700-eff 07/23 Tax Cod-inactive,Correct
11817,2700,*2700-Pierce- 9.5% Tax Code,Correct
11824,2700,*2700-Pierce- 9.5% Tax Code,Correct
11825,2700,*2700-Pierce- 9.5% Tax Code,Correct
11870,2727,*2727 - Pierce- 10.1% Tax Code,Correct
11801,2727,*2727 - Pierce- 10.1% Tax Code,Correct
11876,2727,PIERCE - 2700 Tax Code842-inactive,updated
11886,2727,*2727 - Pierce- 10.1% Tax Code,Correct
11869,4100,*4100 - Pierce- 8.1% Tax Code,Correct
11882,2700,*2700-Pierce- 9.5% Tax Code,Correct
11904,2700,PIERCE - 2727 Tax Code844-inactive,updated
11888,2700,*2700-Pierce- 9.5% Tax Code,Correct
11627,2700,*2700-Pierce- 9.5% Tax Code,Correct
11895,2700,*2727 - Pierce- 10.1% Tax Code,updated
11889,2700,*2700-Pierce- 9.5% Tax Code,Correct
11908,2727,*MILTON-1731-10.2.% Tax Code1018-inactive,updated
11927,2700,*2720 - Edgewood - 10.1% Tax Code,updated
11877,2701,*2701 - Bonney Lake - 9.5% Tax Code,Correct
11898,2700,*2700-Pierce- 9.5% Tax Code,Correct
11906,2727,*2727 - Pierce- 10.1% Tax Code,Correct
11907,2700,*2700-Pierce- 9.5% Tax Code,Correct
11942,2700,*2700-Pierce- 9.5% Tax Code,Correct
11891,2719,*2700-Pierce- 9.5% Tax Code,updated
11921,2707,FIRCREST - 2707 Tax Code876-inactive,Correct
11944,2719,*2719-University Place-10.1% Tax Cod,Correct
11953,2727,*2727 - Pierce- 10.1% Tax Code,Correct
11878,2700,*2700-Pierce- 9.5% Tax Code,Correct
11950,4100,*4100 - Pierce- 8.1% Tax Code,Correct
11949,2720,*2720 - Edgewood - 10.1% Tax Code,Correct
11975,2720,EDGEWOOD - 2720 Tax Code872-inactive,Correct
11899,2700,*2700-Pierce- 9.5% Tax Code,Correct
11968,2716,*SUMNER - 2716 - 9.5.% Tax Code987-inactive,Correct
11941,2711,*PUYALLUP - 2711 -10.1.% Tax Code979-inactive,Correct
11902,2727,*2727 - Pierce- 10.1% Tax Code,Correct
12006,2700,*2727 - Pierce- 10.1% Tax Code,updated
11952,2727,*2727 - Pierce- 10.1% Tax Code,Correct
11988,2700,*2700-Pierce- 9.5% Tax Code,Correct
11967,4100,*4100 - Pierce- 8.1% Tax Code,Correct
11998,2700,*2700-Pierce- 9.5% Tax Code,Correct
12011,2700,*2700-Pierce- 9.5% Tax Code,Correct
11973,2700,*2700-Pierce- 9.5% Tax Code,Correct
11996,2711,*PUYALLUP - 2711 -10.1.% Tax Code979-inactive,Correct
11969,4100,*4100 - Pierce- 8.1% Tax Code,Correct
12007,2727,*2727 - Pierce- 10.1% Tax Code,Correct
12020,2700,*2700-Pierce- 9.5% Tax Code,Correct
12044,2700,*2700-Pierce- 9.5% Tax Code,Correct
12035,2727,*2727 - Pierce- 10.1% Tax Code,Correct
12024,2717,*2717 - TACOMA - 10.3% Tax Code961-inactive,Correct
11985,2727,*2700-Pierce- 9.5% Tax Code,updated
12018,2727,*2727 - Pierce- 10.1% Tax Code,Correct
12046,2700,*2700-Pierce- 9.5% Tax Code,Correct
12062,4100,*2727 - Pierce- 10.1% Tax Code,updated
12021,4000,*KING - 4000 - 8.8.% Tax Code1013-inactive,Correct
12054,4100,*4100 - Pierce- 8.1% Tax Code,Correct
12002,2720,*2720 - Edgewood - 10.1% Tax Code,Correct
12040,2700,*2700-Pierce- 9.5% Tax Code,Correct
12051,4100,*4100 - Pierce- 8.1% Tax Code,Correct
12015,,EDGEWOOD - 2720 Tax Code872-inactive,Check Manually
12052,4100,*4100 - Pierce- 8.1% Tax Code,Correct
12089,4100,*4100 - Pierce- 8.1% Tax Code,Correct
12069,2720,*2720 - Edgewood - 10.1% Tax Code,Correct
12057,2719,*2719-University Place-10.1% Tax Cod,Correct
12071,2719,*2719-University Place-10.1% Tax Cod,Correct
12092,2707,*2719-University Place-10.1% Tax Cod,updated
12070,2720,*2720 - Edgewood - 10.1% Tax Code,Correct
12103,2727,*2727 - Pierce- 10.1% Tax Code,Correct
12104,2727,*2727 - Pierce- 10.1% Tax Code,Correct
12107,2727,*2727 - Pierce- 10.1% Tax Code,Correct
12049,2700,*2700-Pierce- 9.5% Tax Code,Correct
12133,2720,*2720 - Edgewood - 10.1% Tax Code,Correct
12075,2719,*2719-University Place-10.1% Tax Cod,Correct
12095,2700,*2700-Pierce- 9.5% Tax Code,Correct
12108,2700,*2727 - Pierce- 10.1% Tax Code,updated
12132,2727,*2727 - Pierce- 10.1% Tax Code,Correct
12124,2700,*2700-Pierce- 9.5% Tax Code,Correct
12127,2727,*2727 - Pierce- 10.1% Tax Code,Correct
12156,4100,*4100 - Pierce- 8.1% Tax Code,Correct
12138,4100,*4100 - Pierce- 8.1% Tax Code,Correct
12165,,,Check Manually
12126,1732,*FEDERAL WAY - 1732 -10.2.% Tax Code1005-inactive,Correct
12031,2700,*2700-Pierce- 9.5% Tax Code,Correct
12169,4100,*4100 - Pierce- 8.1% Tax Code,Correct
12118,2727,*2727 - Pierce- 10.1% Tax Code,Correct
12153,2727,*2727 - Pierce- 10.1% Tax Code,Correct
12154,2727,*2727 - Pierce- 10.1% Tax Code,Correct
12184,2727,*2727 - Pierce- 10.1% Tax Code,Correct
12201,2711,*PUYALLUP - 2711 -10.1.% Tax Code979-inactive,Correct
12205,2700,*2700-Pierce- 9.5% Tax Code,Correct
12202,4100,*4100 - Pierce- 8.1% Tax Code,Correct
12212,2727,*2700-Pierce- 9.5% Tax Code,updated
12214,2700,*2700-Pierce- 9.5% Tax Code,Correct
12179,2788,*2788 - Gig Harbor - 9.1% Tax Code,Correct
12215,4100,*4100 - Pierce- 8.1% Tax Code,Correct
12227,2727,*2727 - Pierce- 10.1% Tax Code,Correct
12230,4000,*KING - 4000 - 8.8.% Tax Code1013-inactive,Correct
12140,2700,*2700-Pierce- 9.5% Tax Code,Correct
12222,2727,*2727 - Pierce- 10.1% Tax Code,Correct
12228,2727,*2700-Pierce- 9.5% Tax Code,updated
12232,2727,*2727 - Pierce- 10.1% Tax Code,Correct
12255,2700,*2700-Pierce- 9.5% Tax Code,Correct
12159,2720,*2700-Pierce- 9.5% Tax Code,updated
12234,1700,*AUBURN - 1702 - 10.3.% Tax Code992-inactive,updated
12250,1700,*KING - 1700 -10.2.% Tax Code1015-inactive,Correct
12266,4100,*NON TAX - RESALE Tax Code,updated
12235,4100,*4100 - Pierce- 8.1% Tax Code,Correct
12269,4100,*2700-Pierce- 9.5% Tax Code,updated
12225,4100,*4100 - Pierce- 8.1% Tax Code,Correct
12244,2727,*2727 - Pierce- 10.1% Tax Code,Correct
12278,2727,*2727 - Pierce- 10.1% Tax Code,Correct
12282,2727,*2727 - Pierce- 10.1% Tax Code,Correct
12259,2727,*2727 - Pierce- 10.1% Tax Code,Correct
12302,2700,*2700-Pierce- 9.5% Tax Code,Correct
12257,2788,*2788 - Gig Harbor - 9.1% Tax Code,Correct
12300,2719,*2719-University Place-10.1% Tax Cod,Correct
12324,2727,*2700-Pierce- 9.5% Tax Code,updated
12313,2701,*2700-Pierce- 9.5% Tax Code,updated
12327,4100,*NON TAX - RESALE Tax Code,updated
12277,4100,PIERCE - 4100 Tax Code845-inactive,Correct
12297,2700,*2700-Pierce- 9.5% Tax Code,Correct
12326,2727,*2727 - Pierce- 10.1% Tax Code,Correct
12333,4100,*4100 - Pierce- 8.1% Tax Code,Correct
12334,4100,*2727 - Pierce- 10.1% Tax Code,updated
12339,4100,*4100 - Pierce- 8.1% Tax Code,Correct
12349,2721,*2721 - Lakewood - 10.1% Tax Code,Correct
12337,2700,*2700-Pierce- 9.5% Tax Code,Correct
12246,2700,*2700-Pierce- 9.5% Tax Code,Correct
12309,2727,*2727 - Pierce- 10.1% Tax Code,Correct
12350,2727,*2727 - Pierce- 10.1% Tax Code,Correct
12367,2700,*2700-Pierce- 9.5% Tax Code,Correct
12311,4100,*4100 - Pierce- 8.1% Tax Code,Correct
12342,4100,*4100 - Pierce- 8.1% Tax Code,Correct
12305,4100,*4100 - Pierce- 8.1% Tax Code,Correct
12356,2700,*2700-Pierce- 9.5% Tax Code,Correct
12315,4100,*4100 - Pierce- 8.1% Tax Code,Correct
12369,4100,*ORTING - 2710 -9.5.% Tax Code972-inactive,updated
12372,2727,*2727 - Pierce- 10.1% Tax Code,Correct
12389,2727,*2727 - Pierce- 10.1% Tax Code,Correct
12378,2727,*NON TAX - RESALE Tax Code,updated
12306,4100,*4100 - Pierce- 8.1% Tax Code,Correct
12383,2727,*2727 - Pierce- 10.1% Tax Code,Correct
12332,2700,*2700-Pierce- 9.5% Tax Code,Correct
12357,2700,*2700-Pierce- 9.5% Tax Code,Correct
12360,2717,TACOMA-2717-eff 07/21.-inactive,Correct
12374,4100,*2708 - Gig Harbor - 9.1% Tax Code,updated
12403,4100,*4100 - Pierce- 8.1% Tax Code,Correct
12354,4100,*4100 - Pierce- 8.1% Tax Code,Correct
12394,1712,*COVINGTON -1712 - 9.1% Tax Code1031-inactive,Correct
12379,2701,*2701 - Bonney Lake - 9.5% Tax Code,Correct
12436,2716,WHOLESALE - HV RESALE821-inactive,updated
12388,2700,*2700-Pierce- 9.5% Tax Code,Correct
12416,2727,*2727 - Pierce- 10.1% Tax Code,Correct
12461,2727,*2727 - Pierce- 10.1% Tax Code,Correct
12466,2700,PIERCE - 2700 Tax Code842-inactive,Correct
12464,2700,*2700-Pierce- 9.5% Tax Code,Correct
12465,4100,*4100 - Pierce- 8.1% Tax Code,Correct
12196,4100,*4100 - Pierce- 8.1% Tax Code,Correct
12439,4100,*4100 - Pierce- 8.1% Tax Code,Correct
12467,2720,*2720 - Edgewood - 10.1% Tax Code,Correct
12419,1732,*FEDERAL WAY - 1732 -10.2.% Tax Code1005-inactive,Correct
12420,4000,*KING - 4000 - 8.8.% Tax Code1013-inactive,Correct
12422,2720,*2720 - Edgewood - 10.1% Tax Code,Correct
12462,2720,*2720 - Edgewood - 10.1% Tax Code,Correct
12330,2727,*2727 - Pierce- 10.1% Tax Code,Correct
12458,2727,*2727 - Pierce- 10.1% Tax Code,Correct
12455,2727,*2727 - Pierce- 10.1% Tax Code,Correct
12472,4100,PIERCE - 4100 Tax Code845-inactive,Correct
12491,4100,*4100 - Pierce- 8.1% Tax Code,Correct
12438,2727,*2727 - Pierce- 10.1% Tax Code,Correct
12463,2711,PIERCE - 2700 Tax Code842-inactive,updated
12511,2727,*2700-Pierce- 9.5% Tax Code,updated
12480,,,Check Manually
12490,2727,*2727 - Pierce- 10.1% Tax Code,Correct
12502,4100,PIERCE - 4100 Tax Code845-inactive,Correct
12515,2700,*2700-Pierce- 9.5% Tax Code,Correct
12520,2727,*2727 - Pierce- 10.1% Tax Code,Correct
12529,2727,*2727 - Pierce- 10.1% Tax Code,Correct
12530,2721,*2727 - Pierce- 10.1% Tax Code,updated
12386,2700,*2700-Pierce- 9.5% Tax Code,Correct
12546,4100,*2727 - Pierce- 10.1% Tax Code,updated
12525,2700,*2700-Pierce- 9.5% Tax Code,Correct
12548,4000,*KING - 4000 - 8.8.% Tax Code1013-inactive,Correct
12522,4100,*2727 - Pierce- 10.1% Tax Code,Check Manually
12545,2700,*2700-Pierce- 9.5% Tax Code,Correct
12540,4100,*4100 - Pierce- 8.1% Tax Code,Correct
12564,2727,*2727 - Pierce- 10.1% Tax Code,Correct
12571,2727,*2727 - Pierce- 10.1% Tax Code,Correct
12574,2727,*2727 - Pierce- 10.1% Tax Code,Correct
12535,1732,*FEDERAL WAY - 1732 -10.2.% Tax Code1005-inactive,Correct
12563,1732,*FEDERAL WAY - 1732 -10.2.% Tax Code1005-inactive,Correct
12569,1732,*FEDERAL WAY - 1732 -10.2.% Tax Code1005-inactive,Correct
12575,2700,*2717 - TACOMA - 10.3% Tax Code961-inactive,updated
12507,4000,*KING - 4000 - 8.8.% Tax Code1013-inactive,Correct
12588,1702,*AUBURN - 1702 - 10.3.% Tax Code992-inactive,Correct
12589,1732,*FEDERAL WAY - 1732 -10.2.% Tax Code1005-inactive,Correct
12612,1715,KENT - 1715 Tax Code882-inactive,Correct
12580,4100,*4100 - Pierce- 8.1% Tax Code,Correct
12526,4100,*4100 - Pierce- 8.1% Tax Code,Correct
12609,2700,*2700-Pierce- 9.5% Tax Code,Correct
12581,4100,*4100 - Pierce- 8.1% Tax Code,Correct
12605,4000,*KING - 4000 - 8.8.% Tax Code1013-inactive,Correct
12286,4100,*2700-Pierce- 9.5% Tax Code,updated
12592,2727,*2727 - Pierce- 10.1% Tax Code,Correct
12470,2700,*2700-Pierce- 9.5% Tax Code,Correct
12606,2727,*2727 - Pierce- 10.1% Tax Code,Correct
12618,2727,*2727 - Pierce- 10.1% Tax Code,Correct
12646,2700,*2700-Pierce- 9.5% Tax Code,Correct
12585,2700,*2700-Pierce- 9.5% Tax Code,Correct
12643,2700,*2701 - Bonney Lake - 9.5% Tax Code,updated
12645,2700,*2700-Pierce- 9.5% Tax Code,Correct
12607,2720,*2700-Pierce- 9.5% Tax Code,updated
12638,1732,*FEDERAL WAY - 1732 -10.2.% Tax Code1005-inactive,Correct
12632,2727,*2727 - Pierce- 10.1% Tax Code,Correct
12625,4100,*4100 - Pierce- 8.1% Tax Code,Correct
12655,2700,*2700-Pierce- 9.5% Tax Code,Correct
12675,2700,*2700-Pierce- 9.5% Tax Code,Correct
12652,2700,*2700-Pierce- 9.5% Tax Code,Correct
12700,2727,*2727 - Pierce- 10.1% Tax Code,Correct
12702,2700,*2700-Pierce- 9.5% Tax Code,Correct
12705,2727,*2727 - Pierce- 10.1% Tax Code,Correct
12736,2717,*2717 - TACOMA - 10.3% Tax Code961-inactive,Correct
12726,2727,*2727 - Pierce- 10.1% Tax Code,Correct
12732,2700,*2700-Pierce- 9.5% Tax Code,Correct
12743,2700,,Check Manually
12744,2720,,Check Manually
12666,2727,*2727 - Pierce- 10.1% Tax Code,Correct
12739,2727,*2727 - Pierce- 10.1% Tax Code,Correct
12740,2700,*2700-Pierce- 9.5% Tax Code,Correct
12751,2700,PIERCE - 2700 Tax Code842-inactive,Correct
12741,2719,*2719-University Place-10.1% Tax Cod,Correct
12791,2700,*2700-Pierce- 9.5% Tax Code,Correct
12689,2700,*2700-Pierce- 9.5% Tax Code,Correct
12763,2700,*2700-Pierce- 9.5% Tax Code,Correct
12778,2727,*2700-Pierce- 9.5% Tax Code,updated
12724,2711,*PUYALLUP - 2711 -10.1.% Tax Code979-inactive,Correct
12775,2727,*2727 - Pierce- 10.1% Tax Code,Correct
12794,2700,*2700-Pierce- 9.5% Tax Code,Correct
12798,4100,*4100 - Pierce- 8.1% Tax Code,Correct
12813,2727,*2727 - Pierce- 10.1% Tax Code,Correct
12720,4100,*4100 - Pierce- 8.1% Tax Code,Correct
12804,2720,*2720 - Edgewood - 10.1% Tax Code,Correct
12815,2711,*PUYALLUP - 2711 -10.1.% Tax Code979-inactive,Correct
12767,2700,*2700-Pierce- 9.5% Tax Code,Correct
12668,2727,*2727 - Pierce- 10.1% Tax Code,Correct
12817,2700,*2700-Pierce- 9.5% Tax Code,Correct
12827,2700,*2720 - Edgewood - 10.1% Tax Code,updated
12841,2700,*2700-Pierce- 9.5% Tax Code,Correct
12846,2727,*2727 - Pierce- 10.1% Tax Code,Correct
12820,2727,*2727 - Pierce- 10.1% Tax Code,Correct
12837,2700,*2700-Pierce- 9.5% Tax Code,Correct
12842,2709,*2709 - Milton - 10.1% Tax Code,Correct
12877,2727,*2727 - Pierce- 10.1% Tax Code,Correct
12853,2700,*2700-Pierce- 9.5% Tax Code,Correct
12891,2700,*2700-Pierce- 9.5% Tax Code,Correct
12890,2727,*2727 - Pierce- 10.1% Tax Code,Correct
12893,4100,*NON TAX - RESALE Tax Code,updated
12810,4100,*2712 - Roy - 8.2% Tax Code,updated
12909,4100,*4100 - Pierce- 8.1% Tax Code,Correct
12905,2727,*2727 - Pierce- 10.1% Tax Code,Correct
12863,4100,*4100 - Pierce- 8.1% Tax Code,Correct
12867,1702,*AUBURN - 1702 - 10.3.% Tax Code992-inactive,Correct
12914,4100,*4100 - Pierce- 8.1% Tax Code,Correct
12927,2727,*2721 - Lakewood - 10.1% Tax Code,updated
12913,4100,*2727 - Pierce- 10.1% Tax Code,Check Manually
12882,2727,*2727 - Pierce- 10.1% Tax Code,Correct
12950,2727,PIERCE - 2727 Tax Code844-inactive,Correct
12951,4100,*4100 - Pierce- 8.1% Tax Code,Correct
12915,2709,*NON TAX - RESALE Tax Code,updated
12964,2721,PIERCE - 2700 Tax Code842-inactive,updated
12968,2727,*2727 - Pierce- 10.1% Tax Code,Correct
12974,2727,*2727 - Pierce- 10.1% Tax Code,Correct
12980,2727,*2727 - Pierce- 10.1% Tax Code,Correct
12943,2700,*2700-Pierce- 9.5% Tax Code,Correct
12906,2700,*2700-Pierce- 9.5% Tax Code,Correct
12924,2727,*2727 - Pierce- 10.1% Tax Code,Correct
12976,2727,*2700-Pierce- 9.5% Tax Code,updated
12990,2700,*2700-Pierce- 9.5% Tax Code,Correct
12916,2709,*NON TAX - RESALE Tax Code,updated
12982,2727,*2727 - Pierce- 10.1% Tax Code,Correct
13005,2727,*2727 - Pierce- 10.1% Tax Code,Correct
12997,4100,*4100 - Pierce- 8.1% Tax Code,Correct
12991,2789,*2789 - Pierce - 8.1% Tax Code,Correct
13006,2700,*2700-Pierce- 9.5% Tax Code,Correct
13007,2711,*PUYALLUP - 2711 -10.1.% Tax Code979-inactive,Correct
13014,,,Check Manually
13016,2727,*2727 - Pierce- 10.1% Tax Code,Correct
13004,2720,PIERCE - 2700 Tax Code842-inactive,updated
12994,2720,*2720 - Edgewood - 10.1% Tax Code,Correct
13021,2700,*2727 - Pierce- 10.1% Tax Code,updated
13023,2727,*2727 - Pierce- 10.1% Tax Code,Correct
13037,4100,*2700-Pierce- 9.5% Tax Code,updated
12917,2709,*NON TAX - RESALE Tax Code,updated
13036,2727,*2727 - Pierce- 10.1% Tax Code,Correct
13031,2727,*2727 - Pierce- 10.1% Tax Code,Correct
13062,2727,*2727 - Pierce- 10.1% Tax Code,Correct
13028,4100,*4100 - Pierce- 8.1% Tax Code,Correct
13043,2727,*2727 - Pierce- 10.1% Tax Code,Correct
13057,4100,*4100 - Pierce- 8.1% Tax Code,Correct
13077,2727,*2727 - Pierce- 10.1% Tax Code,Correct
13058,2727,*2727 - Pierce- 10.1% Tax Code,Correct
13074,2727,*2727 - Pierce- 10.1% Tax Code,Correct
13042,2727,*2727 - Pierce- 10.1% Tax Code,Correct
13067,2720,*2720 - Edgewood - 10.1% Tax Code,Correct
13088,2706,*2727 - Pierce- 10.1% Tax Code,updated
13022,2700,*2700-Pierce- 9.5% Tax Code,Correct
13045,2727,*2727 - Pierce- 10.1% Tax Code,Correct
13096,2700,*2700-Pierce- 9.5% Tax Code,Correct
12873,2727,*2700-Pierce- 9.5% Tax Code,updated
13109,2700,*2700-Pierce- 9.5% Tax Code,Correct
13101,2727,*2727 - Pierce- 10.1% Tax Code,Correct
13126,2700,*2700-Pierce- 9.5% Tax Code,Correct
13093,2700,*2727 - Pierce- 10.1% Tax Code,updated
13142,2727,*2727 - Pierce- 10.1% Tax Code,Correct
13111,4100,*NON TAX - RESALE Tax Code,updated
13054,4000,*4004- BELLEVUE- 8.8% Tax Code940-inactive,updated
13044,4000,*KING - 4000 - 8.8.% Tax Code1013-inactive,Correct
13158,2700,*2700-Pierce- 9.5% Tax Code,Correct
13150,2727,*2727 - Pierce- 10.1% Tax Code,Correct
13135,2700,*2700-Pierce- 9.5% Tax Code,Correct
13144,2727,*2727 - Pierce- 10.1% Tax Code,Correct
13145,2727,*2727 - Pierce- 10.1% Tax Code,Correct
13146,2727,*2727 - Pierce- 10.1% Tax Code,Correct
13134,2720,*2720 - Edgewood - 10.1% Tax Code,Correct
13147,2700,*2700-Pierce- 9.5% Tax Code,Correct
13155,2700,*ORTING - 2710 -9.5.% Tax Code972-inactive,updated
13163,2700,*2700-Pierce- 9.5% Tax Code,Correct
13191,2700,PIERCE - 2700 Tax Code842-inactive,Correct
13200,2700,*2700-Pierce- 9.5% Tax Code,Correct
13181,2700,*2727 - Pierce- 10.1% Tax Code,updated
13205,2700,PIERCE - 2700 Tax Code842-inactive,Correct
13224,2700,*2700-Pierce- 9.5% Tax Code,Correct
13227,4100,*2700-Pierce- 9.5% Tax Code,updated
13172,2727,*2727 - Pierce- 10.1% Tax Code,Correct
13210,2727,*2727 - Pierce- 10.1% Tax Code,Correct
13214,2700,*2700-Pierce- 9.5% Tax Code,Correct
13229,2727,*2727 - Pierce- 10.1% Tax Code,Correct
13241,4000,*KING - 4000 - 8.8.% Tax Code1013-inactive,Correct
13161,2700,*2700-Pierce- 9.5% Tax Code,Correct
13239,2700,*2700-Pierce- 9.5% Tax Code,Correct
13257,2727,*2727 - Pierce- 10.1% Tax Code,Correct
13246,3406,*3406 - Tumwater - 9.7% Tax Code,Correct
13254,3400,*THURSTON - 3411 - 9.7% Tax Code1034-inactive,updated
13211,2700,*2700-Pierce- 9.5% Tax Code,Correct
12865,2719,*2719-University Place-10.1% Tax Cod,Correct
13264,4100,*4100 - Pierce- 8.1% Tax Code,Correct
13154,2700,*2700-Pierce- 9.5% Tax Code,Correct
13268,2727,*2727 - Pierce- 10.1% Tax Code,Correct
13270,2700,*2700-Pierce- 9.5% Tax Code,Correct
11045,2720,EDGEWOOD-2720 10% Tax Code-inactive,skipped
11052,2720,EDGEWOOD - 2720 Tax Code872-inactive,skipped
11084,,,retry
11077,2727,*2727 - Pierce- 10.1% Tax Code,skipped
11088,,,pending
11084,,,retry
11088,2720,*2720 - Edgewood - 10.1% Tax Code,skipped
11074,2700,*2700-Pierce- 9.5% Tax Code,skipped
11098,2701,*2701 - Bonney Lake - 9.5% Tax Code,skipped
10997,,,pending
